<?xml version='1.0'?>
<home version='5500' exportFlags='27' name='AP74-8.sh3d' structure='HomeStructure/Home.obj' camera='observerCamera'>
  <environment groundColor='00A8A8A8' skyColor='00CCE4FC' lightColor='00D0D0D0'>
    <observerCamera attribute='cameraPath' lens='PINHOLE' x='167.6581' y='1009.68475' z='170.0' yaw='3.9244545' pitch='0.10420387' fieldOfView='1.0995575' time='1520251200000'/>
    <observerCamera attribute='cameraPath' lens='PINHOLE' x='184.00969' y='1045.1952' z='170.0' yaw='9.899621' pitch='0.26579654' fieldOfView='1.0995575' time='1520251200000'/>
    <observerCamera attribute='cameraPath' lens='PINHOLE' x='267.22314' y='956.68365' z='170.0' yaw='10.884624' pitch='0.1257966' fieldOfView='1.0995575' time='1520251200000'/>
    <observerCamera attribute='cameraPath' lens='PINHOLE' x='290.20886' y='1051.4009' z='170.0' yaw='12.259624' pitch='0.13579667' fieldOfView='1.0995575' time='1520251200000'/>
    <observerCamera attribute='cameraPath' lens='PINHOLE' x='378.1072' y='1146.3833' z='170.0' yaw='11.199621' pitch='0.100796655' fieldOfView='1.0995575' time='1520251200000'/>
    <observerCamera attribute='cameraPath' lens='PINHOLE' x='627.88367' y='1227.6671' z='170.0' yaw='11.304623' pitch='0.2657967' fieldOfView='1.0995575' time='1520251200000'/>
    <observerCamera attribute='cameraPath' lens='PINHOLE' x='627.88367' y='1227.6671' z='170.0' yaw='8.289622' pitch='0.19079676' fieldOfView='1.0995575' time='1520251200000'/>
    <observerCamera attribute='cameraPath' lens='PINHOLE' x='321.16135' y='1044.2255' z='170.0' yaw='8.504618' pitch='0.07579675' fieldOfView='1.0995575' time='1520251200000'/>
    <observerCamera attribute='cameraPath' lens='PINHOLE' x='313.234' y='999.433' z='170.0' yaw='9.309618' pitch='0.22579676' fieldOfView='1.0995575' time='1520251200000'/>
    <observerCamera attribute='cameraPath' lens='PINHOLE' x='361.4634' y='902.17487' z='170.0' yaw='11.019618' pitch='0.05579696' fieldOfView='1.0995575' time='1520251200000'/>
    <observerCamera attribute='cameraPath' lens='PINHOLE' x='550.15295' y='910.36273' z='170.0' yaw='10.907253' pitch='0.24079694' fieldOfView='1.0995575' time='1520251200000'/>
    <observerCamera attribute='cameraPath' lens='PINHOLE' x='593.9895' y='896.47327' z='170.0' yaw='11.45866' pitch='0.39579684' fieldOfView='1.0995575' time='1520251200000'/>
    <observerCamera attribute='cameraPath' lens='PINHOLE' x='684.8037' y='897.23535' z='170.0' yaw='12.353659' pitch='0.17579684' fieldOfView='1.0995575' time='1520251200000'/>
    <observerCamera attribute='cameraPath' lens='PINHOLE' x='717.40515' y='918.50305' z='170.0' yaw='9.403654' pitch='0.28579685' fieldOfView='1.0995575' time='1520251200000'/>
    <observerCamera attribute='cameraPath' lens='PINHOLE' x='717.40515' y='918.50305' z='170.0' yaw='8.043653' pitch='0.18579681' fieldOfView='1.0995575' time='1520251200000'/>
    <observerCamera attribute='cameraPath' lens='PINHOLE' x='257.84488' y='924.34155' z='170.0' yaw='9.348651' pitch='0.17579684' fieldOfView='1.0995575' time='1520251200000'/>
    <observerCamera attribute='cameraPath' lens='PINHOLE' x='178.74312' y='669.18835' z='170.0' yaw='8.963648' pitch='0.48079678' fieldOfView='1.0995575' time='1520251200000'/>
    <observerCamera attribute='cameraPath' lens='PINHOLE' x='178.74312' y='669.18835' z='170.0' yaw='7.9136453' pitch='0.75079674' fieldOfView='1.0995575' time='1520251200000'/>
    <observerCamera attribute='cameraPath' lens='PINHOLE' x='230.53528' y='529.47015' z='170.0' yaw='9.073645' pitch='0.6457967' fieldOfView='1.0995575' time='1520251200000'/>
    <observerCamera attribute='cameraPath' lens='PINHOLE' x='191.17184' y='433.72424' z='170.0' yaw='7.933638' pitch='1.0707965' fieldOfView='1.0995575' time='1520251200000'/>
    <observerCamera attribute='cameraPath' lens='PINHOLE' x='191.17184' y='433.72424' z='170.0' yaw='10.858634' pitch='0.7457967' fieldOfView='1.0995575' time='1520251200000'/>
    <observerCamera attribute='cameraPath' lens='PINHOLE' x='293.5885' y='449.30307' z='170.0' yaw='11.193633' pitch='0.49579662' fieldOfView='1.0995575' time='1520251200000'/>
    <observerCamera attribute='cameraPath' lens='PINHOLE' x='558.99603' y='636.99133' z='170.0' yaw='10.1186285' pitch='0.57579666' fieldOfView='1.0995575' time='1520251200000'/>
    <observerCamera attribute='cameraPath' lens='PINHOLE' x='558.99603' y='636.99133' z='170.0' yaw='8.558627' pitch='0.08579676' fieldOfView='1.0995575' time='1520251200000'/>
    <observerCamera attribute='cameraPath' lens='PINHOLE' x='262.7886' y='427.5469' z='170.0' yaw='9.133632' pitch='0.83079636' fieldOfView='1.0995575' time='1520251200000'/>
    <observerCamera attribute='cameraPath' lens='PINHOLE' x='183.52042' y='322.41403' z='170.0' yaw='8.203628' pitch='1.1107963' fieldOfView='1.0995575' time='1520251200000'/>
    <observerCamera attribute='cameraPath' lens='PINHOLE' x='208.2334' y='256.31943' z='170.0' yaw='10.133628' pitch='0.7707967' fieldOfView='1.0995575' time='1520251200000'/>
    <observerCamera attribute='cameraPath' lens='PINHOLE' x='208.2334' y='256.31943' z='170.0' yaw='8.533626' pitch='0.62579685' fieldOfView='1.0995575' time='1520251200000'/>
    <observerCamera attribute='cameraPath' lens='PINHOLE' x='208.2334' y='256.31943' z='170.0' yaw='7.9036245' pitch='0.7107968' fieldOfView='1.0995575' time='1520251200000'/>
    <observerCamera attribute='cameraPath' lens='PINHOLE' x='233.9963' y='403.34198' z='170.0' yaw='9.655979' pitch='0.51579666' fieldOfView='1.0995575' time='1520251200000'/>
    <observerCamera attribute='cameraPath' lens='PINHOLE' x='297.23346' y='322.5433' z='170.0' yaw='10.380981' pitch='0.34579664' fieldOfView='1.0995575' time='1520251200000'/>
    <observerCamera attribute='cameraPath' lens='PINHOLE' x='586.044' y='140.84021' z='170.0' yaw='7.2409787' pitch='0.16079675' fieldOfView='1.0995575' time='1520251200000'/>
  </environment>
  <observerCamera attribute='observerCamera' lens='PINHOLE' x='624.8438' y='1155.5144' z='170.0' yaw='16.755987' pitch='-1.1854178' fieldOfView='1.0995575' time='1520251200000'/>
  <camera attribute='topCamera' lens='PINHOLE' x='2627.8232' y='1304.5269' z='1319.2747' yaw='-55.22575' pitch='0.7257972' fieldOfView='1.0995575' time='1520251200000'/>
  <doorOrWindow catalogId='eTeks#frontDoor' name='Front door' creator='eTeks' model='1/model.obj' x='178.43835' y='1045.5029' angle='3.1415927' width='90.0' depth='9.737416' height='200.0' modelMirrored='true' color='FF5E3500'/>
  <doorOrWindow catalogId='eTeks#door' name='UsaSufragerie' creator='eTeks' model='3/model.obj' x='290.76855' y='1049.1543' width='90.0' depth='10.0' height='200.0' color='FF5E3500' movable='false'/>
  <doorOrWindow catalogId='OlaKristianHoff#door_window_thick_double' name='UsaDebaraMare' creator='Ola-Kristian Hoff' model='5/door_window_thick_double.obj' x='121.053345' y='979.9125' angle='4.712389' width='130.0' depth='24.769981' height='180.0' color='FFF8FFA7' movable='false'/>
  <doorOrWindow catalogId='eTeks#doubleFrenchWindow126x200' name='Double French window' creator='eTeks' model='7/model.obj' x='814.95557' y='892.9292' elevation='100.0' angle='4.712389' width='125.0' depth='10.452342' height='135.0' movable='false'/>
  <doorOrWindow catalogId='eTeks#frenchWindow85x200' name='French window' creator='eTeks' model='9/model.obj' x='701.99426' y='733.3163' elevation='100.0' angle='3.1415927' width='74.4' depth='10.452342' height='135.0' modelMirrored='true' movable='false'/>
  <doorOrWindow catalogId='eTeks#roundDoorFrame' name='Round door frame' creator='eTeks' model='11/model.obj' x='231.6759' y='731.1599' angle='3.1415927' width='88.0' depth='7.62075' height='200.0' movable='false'/>
  <pieceOfFurniture catalogId='Puybaret#mirror' name='Mirror' creator='Emmanuel Puybaret' model='13/mirror.obj' x='131.68884' y='882.16565' elevation='25.0' angle='4.712389' width='55.0' depth='0.5' height='160.0'/>
  <pieceOfFurniture catalogId='Pastierovic#bike' name='Bike' creator='Robert Pastierovic' model='15/model.obj' x='309.25793' y='814.5199' angle='3.1415927' width='54.5' depth='159.1' height='94.200005' modelRotation='0 0 1 0 1 0 -1 0 0'/>
  <pieceOfFurniture catalogId='eTeks#cornerSofa' name='Corner sofa' creator='eTeks' model='17/model.obj' x='553.61194' y='802.7185' width='180.0' depth='135.0' height='87.0'>
    <material name='iris' color='FFA90014' shininess='0.0'/>
  </pieceOfFurniture>
  <pieceOfFurniture catalogId='eTeks#flatTV' name='Flat TV' creator='eTeks' model='19/model.obj' x='355.06592' y='802.84595' elevation='91.0' angle='4.712389' width='121.0' depth='30.0' height='79.3'/>
  <pieceOfFurniture catalogId='eTeks#texturableBox' name='Box' creator='eTeks' model='21/texturableBox.obj' x='354.00793' y='801.2185' angle='4.712389' width='132.0' depth='35.0' height='91.0'/>
  <doorOrWindow catalogId='eTeks#door' name='Door' creator='eTeks' model='3/model.obj' x='181.77014' y='673.3541' angle='4.712389' width='80.0' depth='14.839428' height='208.3' modelMirrored='true' color='FF5E3500' shininess='0.0' movable='false'/>
  <pieceOfFurniture catalogId='eTeks#toiletUnit' name='Toilet unit' creator='eTeks' model='23/model.obj' x='123.02246' y='628.9364' angle='4.712389' width='40.0' depth='80.0' height='62.2' movable='false'/>
  <pieceOfFurniture catalogId='eTeks#washbasin' name='Washbasin' creator='eTeks' model='25/model.obj' x='110.97247' y='690.7185' angle='3.1415927' width='55.9' depth='47.0' height='96.5' movable='false'/>
  <pieceOfFurniture catalogId='Puybaret#mirror' name='Mirror' creator='Emmanuel Puybaret' model='13/mirror.obj' x='83.27246' y='618.02625' elevation='140.0' angle='4.712389' width='55.0' depth='0.5' height='60.0'/>
  <doorOrWindow catalogId='eTeks#door' name='Door' creator='eTeks' model='3/model.obj' x='282.05823' y='435.4884' angle='4.712389' width='91.4' depth='14.839428' height='208.3' modelMirrored='true' color='FF5E3500' movable='false'/>
  <doorOrWindow catalogId='eTeks#doubleFrenchWindow126x200' name='Double French window' creator='eTeks' model='7/model.obj' x='650.2101' y='561.5161' elevation='82.0' angle='1.5707964' width='142.0' depth='28.804352' height='140.0' movable='false'/>
  <doorOrWindow catalogId='eTeks#roundDoorFrame' name='Round door frame' creator='eTeks' model='11/model.obj' x='234.66907' y='376.42456' width='80.0' depth='20.00075' height='201.5' movable='false'/>
  <doorOrWindow catalogId='eTeks#door' name='Door' creator='eTeks' model='3/model.obj' x='186.95667' y='433.3838' angle='4.712389' width='91.4' depth='14.839428' height='208.3' modelMirrored='true' color='FF5E3500' movable='false'/>
  <pieceOfFurniture catalogId='eTeks#texturableCylinder' name='Gaze' creator='eTeks' model='27/texturableCylinder.obj' x='633.6293' y='1036.8948' angle='1.5707964' width='3.0' depth='3.0' height='250.0' color='FFFFE00F'/>
  <pieceOfFurniture catalogId='eTeks#texturableBox' name='Box' creator='eTeks' model='21/texturableBox.obj' x='653.50806' y='911.6493' angle='4.712389' width='100.0' depth='15.5' height='17.0'/>
  <pieceOfFurniture catalogId='eTeks#texturableBox' name='BrauPragBalcon' creator='eTeks' model='21/texturableBox.obj' x='653.50806' y='887.1885' elevation='200.0' angle='4.712389' width='160.0' depth='20.0' height='43.0'/>
  <doorOrWindow catalogId='eTeks#door' name='Door' creator='eTeks' model='3/model.obj' x='216.86487' y='269.76855' elevation='5.0' angle='3.1415927' width='70.0' depth='14.839428' height='208.3' color='FF5E3500' movable='false'/>
  <doorOrWindow catalogId='eTeks#door' name='Door' creator='eTeks' model='3/model.obj' x='298.10278' y='322.5161' angle='4.712389' width='91.4' depth='14.839428' height='208.3' color='FF5E3500' movable='false'/>
  <doorOrWindow catalogId='eTeks#doubleFrenchWindow126x200' name='Double French window' creator='eTeks' model='7/model.obj' x='650.2101' y='196.19897' elevation='82.0' angle='1.5707964' width='142.0' depth='28.804352' height='140.0' movable='false'/>
  <doorOrWindow catalogId='eTeks#fixedWindow85x123' name='Fixed window' creator='eTeks' model='29/model.obj' x='295.50952' y='323.3767' elevation='200.0' angle='1.5707964' width='91.4' depth='7.62075' height='35.0' movable='false'/>
  <pieceOfFurniture catalogId='Bettinelli#lit' name='Bed' creator='Gaël Bettinelli' model='31/lit.obj' x='507.2699' y='495.9192' width='167.2' depth='220.1' height='78.5'/>
  <pieceOfFurniture catalogId='Bettinelli#armoireLotus' name='Wardrobe' creator='Gaël Bettinelli' model='33/armoireLotus.obj' x='318.02502' y='609.6116' angle='4.712389' width='200.0' depth='60.0' height='221.40001'/>
  <pieceOfFurniture catalogId='eTeks#bedsideTable' name='Bedside table' creator='eTeks' model='35/model.obj' x='403.66992' y='411.90796' width='40.0' depth='40.0' height='30.0'/>
  <pieceOfFurniture catalogId='eTeks#bedsideTable' name='Bedside table' creator='eTeks' model='35/model.obj' x='610.8699' y='413.16772' width='40.0' depth='40.0' height='30.0'/>
  <pieceOfFurniture catalogId='eTeks#chest' name='Chest' creator='eTeks' model='37/model.obj' x='507.81738' y='685.26855' angle='3.1415927' width='100.3' depth='55.9' height='80.0'/>
  <pieceOfFurniture catalogId='eTeks#flatTV' name='TVDormitor' creator='eTeks' model='19/model.obj' x='511.88367' y='699.2185' elevation='80.0' angle='3.1415927' width='80.0' depth='30.0' height='50.0'/>
  <pieceOfFurniture catalogId='Geantick#curtain' name='Curtain' creator='Geantick' model='39/model.obj' x='622.11194' y='456.06396' elevation='8.0' angle='1.5707964' width='120.0' depth='23.0' height='225.0' color='FF412800' modelRotation='-1 0 0 0 1 0 0 0 -1'/>
  <pieceOfFurniture catalogId='Geantick#curtainRod' name='Curtain rod' creator='Geantick' model='41/model.obj' x='638.61194' y='547.36914' elevation='225.0' angle='1.5707964' width='323.0' depth='10.0' height='8.0' modelRotation='-1 0 0 0 0 1 0 1 0'/>
  <pieceOfFurniture catalogId='Geantick#curtain' name='Curtain' creator='Geantick' model='39/model.obj' x='622.11194' y='648.8003' elevation='8.0' angle='1.5707964' width='120.0' depth='23.0' height='225.0' modelMirrored='true' color='FF412800' modelRotation='-1 0 0 0 1 0 0 0 -1'/>
  <doorOrWindow catalogId='OlaKristianHoff#door_window_thick_double' name='UsaDebaraMare2' creator='Ola-Kristian Hoff' model='5/door_window_thick_double.obj' x='121.053345' y='979.9125' elevation='185.0' angle='4.712389' width='130.0' depth='24.769981' height='60.0' color='FFF8FFA7' movable='false'/>
  <pieceOfFurniture catalogId='eTeks#hotWaterRadiator' name='Hot water radiator' creator='eTeks' model='43/model.obj' x='630.912' y='573.0431' elevation='20.300001' angle='1.5707964' width='100.0' depth='25.4' height='61.0' movable='false'/>
  <pieceOfFurniture catalogId='eTeks#fittedBath' name='Fitted bath' creator='eTeks' model='45/model.obj' x='171.92236' y='85.65588' angle='3.1415927' width='177.8' depth='80.0' height='71.1' modelRotation='0 0 -1 0 1 0 1 0 0' movable='false'/>
  <pieceOfFurniture catalogId='Snduc#radiateur' name='Radiator' creator='Snduc' model='47/model.obj' x='156.7649' y='265.55176' angle='3.1415927' width='50.2' depth='6.0' height='164.40001' modelRotation='0 0 1 0 1 0 -1 0 0' movable='false'/>
  <pieceOfFurniture catalogId='eTeks#toiletUnit' name='Toilet unit' creator='eTeks' model='23/model.obj' x='123.02246' y='230.84888' angle='4.712389' width='40.0' depth='80.0' height='62.2' movable='false'/>
  <pieceOfFurniture catalogId='eTeks#washbasin' name='Washbasin' creator='eTeks' model='25/model.obj' x='106.52246' y='168.60681' angle='4.712389' width='55.9' depth='47.0' height='96.5' movable='false'/>
  <pieceOfFurniture catalogId='eTeks#texturableBox' name='Box' creator='eTeks' model='21/texturableBox.obj' x='275.8224' y='85.65588' width='30.0' depth='80.0' height='63.0'>
    <texture name='Blue tiles' creator='eTeks' catalogId='eTeks#blueTiles' width='20.0' height='20.0' image='48'/>
  </pieceOfFurniture>
  <pieceOfFurniture catalogId='Pencilart#lightSwitch' name='Light switch' creator='Pencilart' model='50/model.obj' x='285.10645' y='495.87744' elevation='110.0' angle='4.712389' width='5.0' depth='0.8' height='5.0' movable='false'/>
  <pieceOfFurniture catalogId='Russian#radiator_7section' name='Radiator' creator='Russian' model='52/radiator_7section.obj' x='634.11194' y='201.432' elevation='10.0' angle='1.5707964' width='150.0' depth='10.0' height='70.0' movable='false'/>
  <pieceOfFurniture catalogId='Bettinelli#meubleChaussures' name='Shoe cabinet' creator='Gaël Bettinelli' model='54/meubleChaussures.obj' x='146.43884' y='791.2886' angle='4.712389' width='100.0' depth='30.0' height='60.0'/>
  <pieceOfFurniture catalogId='OlaKristianHoff#washer_dryer' name='Washer dryer' creator='Ola-Kristian Hoff' model='56/washer_dryer.obj' x='264.19946' y='162.75305' angle='1.5707964' width='59.5' depth='55.0' height='85.0'/>
  <pieceOfFurniture catalogId='Pencilart#stove1' name='Stove' creator='Pencilart' model='58/stove1.obj' x='694.64075' y='1024.753' angle='3.1415927' width='60.0' depth='60.0' height='100.0'/>
  <pieceOfFurniture catalogId='Ravey#microwave' name='Microwave' creator='Don Ravey' model='60/microwave.obj' x='775.19507' y='1012.52014' elevation='86.0' angle='3.1415927' width='55.0' depth='31.7' height='28.6'/>
  <pieceOfFurniture catalogId='Omari#frigorifero' name='Fridge' creator='Ben Omari' model='62/frigorifero_Scene.obj' x='590.38' y='1005.4353' angle='3.1415927' width='80.0' depth='72.5' height='200.0'/>
  <pieceOfFurniture catalogId='Pastierovic#cabinetWithBasin' name='Gray cabinet with basin' creator='Robert Pastierovic' model='64/model.obj' x='413.06494' y='1010.6853' angle='3.1415927' width='80.0' depth='62.0' height='99.0'/>
  <pieceOfFurniture catalogId='Pastierovic#drawers' name='Gray drawers' creator='Robert Pastierovic' model='66/model.obj' x='458.06494' y='1010.6853' angle='3.1415927' width='10.0' depth='62.0' height='86.0'/>
  <pieceOfFurniture catalogId='Pastierovic#drawers' name='Gray drawers' creator='Robert Pastierovic' model='66/model.obj' x='483.06494' y='1010.6853' angle='3.1415927' width='40.0' depth='62.0' height='86.0'/>
  <pieceOfFurniture catalogId='Pastierovic#drawers' name='Gray drawers' creator='Robert Pastierovic' model='66/model.obj' x='523.06494' y='1010.6853' angle='3.1415927' width='40.0' depth='62.0' height='86.0'/>
  <pieceOfFurniture catalogId='Pastierovic#upperCabinet2' name='Gray smaller upper cabinet' creator='Robert Pastierovic' model='68/model.obj' x='411.49084' y='1019.73535' elevation='145.0' angle='3.1415927' width='80.0' depth='43.9' height='80.0'/>
  <pieceOfFurniture catalogId='Pastierovic#glassdoorCabinet' name='Gray glass door cabinet' creator='Robert Pastierovic' model='70/model.obj' x='530.38' y='1019.6853' elevation='145.0' angle='3.1415927' width='40.0' depth='44.0' height='80.0'/>
  <pieceOfFurniture catalogId='Pastierovic#upperCabinet' name='Gray upper cabinet' creator='Robert Pastierovic' model='72/model.obj' x='480.38' y='1019.6853' elevation='145.0' angle='3.1415927' width='60.0' depth='44.0' height='80.0'/>
  <pieceOfFurniture catalogId='Pastierovic#cabinet' name='Gray cabinet' creator='Robert Pastierovic' model='74/model.obj' x='764.64075' y='997.3701' angle='3.1415927' width='80.0' depth='62.0' height='86.0'/>
  <pieceOfFurniture catalogId='Pastierovic#upperCabinet' name='Gray upper cabinet' creator='Robert Pastierovic' model='72/model.obj' x='769.7294' y='1006.3701' elevation='145.0' angle='3.1415927' width='80.0' depth='44.0' height='60.100002'/>
  <pieceOfFurniture catalogId='Omari#capa' name='Hood' creator='Ben Omari' model='76/capa_Scene.obj' x='691.7572' y='1029.753' elevation='188.5' angle='3.1415927' width='60.0' depth='50.0' height='60.0' movable='false'/>
  <pieceOfFurniture catalogId='Dingenskirchen#pinewoodRackLowHeight' name='Pinewood rack low height' creator='Dingenskirchen' model='78/pinewoodRackLowHeight.obj' x='794.62976' y='789.3202' angle='1.5707964' width='89.8' depth='30.2' height='100.0'/>
  <pieceOfFurniture catalogId='Dingenskirchen#pinewoodRackLowHeight' name='Pinewood rack low height' creator='Dingenskirchen' model='78/pinewoodRackLowHeight.obj' x='734.62976' y='753.6421' width='89.8' depth='30.2' height='100.0'/>
  <pieceOfFurniture catalogId='Dingenskirchen#pinewoodRackFullHeight' name='Pinewood rack full height' creator='Dingenskirchen' model='80/pinewoodRackFullHeight.obj' x='78.668335' y='928.0349' width='60.0' depth='30.2' height='200.0'/>
  <pieceOfFurniture catalogId='Dingenskirchen#pinewoodRackFullHeight' name='Pinewood rack full height' creator='Dingenskirchen' model='80/pinewoodRackFullHeight.obj' x='78.668335' y='1024.1298' angle='3.1415927' width='60.0' depth='30.2' height='200.0'/>
  <pieceOfFurniture catalogId='Sleipnir1#rectangularTable' name='Rectangular table' creator='Sleipnir1' model='82/model.obj' x='523.52795' y='845.0405' width='100.0' depth='80.0' height='60.0'/>
  <doorOrWindow catalogId='OlaKristianHoff#door_window_thick_double' name='Double door window' creator='Ola-Kristian Hoff' model='5/door_window_thick_double.obj' x='812.85596' y='1211.6431' elevation='100.0' angle='1.5707964' width='160.0' depth='8.988442' height='110.0' movable='false'/>
  <pieceOfFurniture catalogId='eTeks#bed140x190' name='Double bed' creator='eTeks' model='84/model.obj' x='504.35754' y='149.15588' width='152.40001' depth='207.0' height='69.9'/>
  <pieceOfFurniture catalogId='eTeks#wardrobe' name='Wardrobe' creator='eTeks' model='86/model.obj' x='326.31958' y='123.99878' angle='4.712389' width='140.0' depth='54.0' height='180.0'/>
  <pieceOfFurniture catalogId='Pastierovic#clock' name='Clock' creator='Robert Pastierovic' model='88/model.obj' x='355.13525' y='983.801' elevation='200.0' angle='3.1415927' width='33.4' depth='1.9' height='33.4' modelRotation='1 0 0 0 0 -1 0 1 0'/>
  <pieceOfFurniture catalogId='Rlocatelli#container' name='Container' creator='Rlocatelli' model='90/model.obj' x='287.1494' y='256.8103' angle='1.5707964' width='13.3' depth='9.1' height='31.0'/>
  <pieceOfFurniture catalogId='Puybaret#mirror' name='Mirror' creator='Emmanuel Puybaret' model='13/mirror.obj' x='83.27246' y='170.99353' elevation='100.0' angle='4.712389' width='60.0' depth='0.5' height='60.0'/>
  <pieceOfFurniture catalogId='Bettinelli#bureau3' name='Desk' creator='Gaël Bettinelli' model='92/bureau3.obj' x='583.61194' y='336.36914' angle='3.1415927' width='120.0' depth='59.0' height='72.5'/>
  <pieceOfFurniture catalogId='PeterSmolik#officeChair3' name='Office chair' creator='Peter Smolik' model='94/officeChair3.obj' x='601.162' y='296.5116' width='55.9' depth='56.4' height='107.0'/>
  <pieceOfFurniture catalogId='eTeks#hotWaterRadiator' name='Hot water radiator' creator='eTeks' model='43/model.obj' x='797.0298' y='1245.8799' elevation='20.300001' angle='1.5707964' width='80.0' depth='25.4' height='61.0' movable='false'/>
  <doorOrWindow catalogId='eTeks#fixedWindow85x123' name='Fixed window' creator='eTeks' model='29/model.obj' x='774.1942' y='734.67163' elevation='100.0' width='70.0' depth='7.5' height='134.0' movable='false'/>
  <doorOrWindow catalogId='eTeks#fixedWindow85x123' name='Fixed window' creator='eTeks' model='29/model.obj' x='813.5398' y='786.4292' elevation='100.0' angle='4.712389' width='88.0' depth='7.62075' height='135.0' movable='false'/>
  <doorOrWindow catalogId='eTeks#fixedWindow85x123' name='Fixed window' creator='eTeks' model='29/model.obj' x='813.5398' y='992.4292' elevation='100.0' angle='4.712389' width='74.0' depth='7.62075' height='135.0' movable='false'/>
  <light catalogId='eTeks#wallUplight' name='Wall uplight' creator='eTeks' model='96/model.obj' x='194.17346' y='593.943' elevation='165.0' angle='4.712389' width='24.0' depth='12.0' height='26.0'/>
  <pieceOfFurniture catalogId='eTeks#texturableCylinder' name='TeviApasiCanalizare' creator='eTeks' model='27/texturableCylinder.obj' x='159.7063' y='290.06177' angle='1.5707964' width='10.0' depth='10.0' height='240.0' color='FFFA0018'/>
  <doorOrWindow catalogId='eTeks#door' name='Door' creator='eTeks' model='3/model.obj' x='180.76953' y='322.0719' angle='4.712389' width='85.0' depth='14.839428' height='208.3' movable='false'/>
  <pieceOfFurniture catalogId='eTeks#texturableCylinder' name='TeviApasiCanalizare' creator='eTeks' model='27/texturableCylinder.obj' x='354.20322' y='1013.2097' angle='3.403392' width='14.0' depth='13.0' height='240.0' color='FFFA0018'/>
  <doorOrWindow catalogId='OlaKristianHoff#window_stain_glass' name='Window stain glass' creator='Ola-Kristian Hoff' model='98/window_stain_glass.obj' x='182.16394' y='1046.4382' elevation='200.0' angle='3.1415927' width='90.0' depth='7.866556' height='50.0' movable='false'/>
  <pieceOfFurniture catalogId='eTeks#texturableCylinder' name='TeavaApaCalda' creator='eTeks' model='27/texturableCylinder.obj' x='629.1982' y='749.27875' elevation='32.60187' angle='3.403392' width='14.0' depth='13.0' height='240.0' color='FFFF5D15'/>
  <pieceOfFurniture catalogId='eTeks#texturableCylinder' name='TeavaApaCalda' creator='eTeks' model='27/texturableCylinder.obj' x='629.1982' y='61.59143' elevation='32.60187' angle='3.403392' width='14.0' depth='13.0' height='240.0' color='FFFF5D15'/>
  <pieceOfFurniture catalogId='eTeks#texturableCylinder' name='TeavaApaCalda' creator='eTeks' model='27/texturableCylinder.obj' x='801.286' y='1345.7865' elevation='32.60187' angle='3.403392' width='14.0' depth='13.0' height='240.0' color='FFFF5D15'/>
</home>